,Kingdom,Phylum,Class,Order,Family,Genus
ASV_1,Bacteria,Proteobacteria,Gammaproteobacteria,Pseudomonadales,Pseudomonadaceae,Pseudomonas.1
ASV_2,Bacteria,Proteobacteria,Gammaproteobacteria,Pseudomonadales,Cellvibrionaceae,Cellvibrio
ASV_3,Bacteria,Proteobacteria,Gammaproteobacteria,Pseudomonadales,Pseudomonadaceae,Pseudomonas.2
ASV_4,Bacteria,Verrucomicrobiota,Verrucomicrobiae,Opitutales,Opitutaceae,Lacunisphaera
ASV_5,Bacteria,Proteobacteria,Alphaproteobacteria,Caulobacterales,Caulobacteraceae,Asticcacaulis
ASV_6,Bacteria,Firmicutes,Bacilli,Paenibacillales,Paenibacillaceae,Cohnella
ASV_7,Bacteria,Bacteroidota,Bacteroidia,Chitinophagales,Chitinophagaceae,Taibaiella
ASV_8,Bacteria,Proteobacteria,Gammaproteobacteria,Burkholderiales,Comamonadaceae,Xylophilus
ASV_9,Bacteria,Bacteroidota,Bacteroidia,Cytophagales,Spirosomaceae,Leadbetterella
ASV_10,Bacteria,Proteobacteria,Alphaproteobacteria,Rhizobiales,Rhizobiaceae,Shinella
ASV_11,Bacteria,Proteobacteria,Gammaproteobacteria,Burkholderiales,Comamonadaceae,NA
ASV_12,Bacteria,Proteobacteria,Gammaproteobacteria,Xanthomonadales,Xanthomonadaceae,Stenotrophomonas
ASV_13,Bacteria,Proteobacteria,Alphaproteobacteria,Rhizobiales,Pleomorphomonadaceae,Pleomorphomonas
ASV_14,Bacteria,Proteobacteria,Gammaproteobacteria,Burkholderiales,Alcaligenaceae,Bordetella
ASV_15,Bacteria,Bacteroidota,Bacteroidia,Sphingobacteriales,Sphingobacteriaceae,Nubsella
ASV_16,Bacteria,Proteobacteria,Gammaproteobacteria,Burkholderiales,Alcaligenaceae,Achromobacter
ASV_17,Bacteria,Proteobacteria,Gammaproteobacteria,Burkholderiales,Rhodocyclaceae,Azonexus
ASV_18,Bacteria,Proteobacteria,Alphaproteobacteria,Rhizobiales,Rhizobiaceae,Martelella
ASV_19,Bacteria,Proteobacteria,Alphaproteobacteria,Rhizobiales,Devosiaceae,Youhaiella
ASV_20,Bacteria,Bacteroidota,Bacteroidia,Sphingobacteriales,Sphingobacteriaceae,NA
ASV_21,Bacteria,Proteobacteria,Alphaproteobacteria,Rhizobiales,Beijerinckiaceae,Bosea
ASV_22,Bacteria,Proteobacteria,Alphaproteobacteria,Rhizobiales,Rhizobiaceae,Pseudaminobacter
ASV_23,Bacteria,Proteobacteria,Gammaproteobacteria,Burkholderiales,Methylophilaceae,Methylophilus
ASV_24,Bacteria,Proteobacteria,Gammaproteobacteria,Burkholderiales,Alcaligenaceae,Achromobacter
ASV_25,Bacteria,Proteobacteria,Gammaproteobacteria,Pseudomonadales,Pseudomonadaceae,Pseudomonas
ASV_26,Bacteria,Proteobacteria,Gammaproteobacteria,Pseudomonadales,Pseudomonadaceae,Pseudomonas
ASV_27,Bacteria,Proteobacteria,Alphaproteobacteria,Rhizobiales,Kaistiaceae,Kaistia
ASV_28,Bacteria,Bacteroidota,Bacteroidia,Bacteroidales,Dysgonomonadaceae,Dysgonomonas
ASV_29,Bacteria,Proteobacteria,Gammaproteobacteria,Pseudomonadales,Pseudomonadaceae,Pseudomonas
ASV_30,Bacteria,Proteobacteria,Alphaproteobacteria,Rhizobiales,Rhizobiaceae,Neorhizobium
ASV_31,Bacteria,Proteobacteria,Alphaproteobacteria,Rhizobiales,Devosiaceae,Devosia
ASV_32,Bacteria,Proteobacteria,Alphaproteobacteria,Rhizobiales,Xanthobacteraceae,Rhodopseudomonas
ASV_33,Bacteria,Proteobacteria,Alphaproteobacteria,Rhizobiales,Rhizobiaceae,Mesorhizobium
ASV_34,Bacteria,Proteobacteria,Alphaproteobacteria,Rhizobiales,Xanthobacteraceae,Afipia
ASV_35,Bacteria,Proteobacteria,Alphaproteobacteria,Rhizobiales,Beijerinckiaceae,Bosea
ASV_36,Bacteria,Actinobacteriota,Actinobacteria,Micrococcales,Microbacteriaceae,Microbacterium
ASV_37,Bacteria,Proteobacteria,Gammaproteobacteria,Xanthomonadales,Rhodanobacteraceae,Dokdonella
ASV_38,Bacteria,Proteobacteria,Gammaproteobacteria,Burkholderiales,Alcaligenaceae,Pigmentiphaga
ASV_39,Bacteria,Proteobacteria,Alphaproteobacteria,Rhizobiales,Rhizobiaceae,Shinella
ASV_40,Bacteria,Proteobacteria,Gammaproteobacteria,Pseudomonadales,Pseudomonadaceae,Pseudomonas
ASV_41,Bacteria,Proteobacteria,Alphaproteobacteria,Rhizobiales,Kaistiaceae,Kaistia
ASV_42,Bacteria,Actinobacteriota,Actinobacteria,Micrococcales,Micrococcaceae,NA
ASV_43,Bacteria,Firmicutes,Clostridia,Christensenellales,Christensenellaceae,Christensenellaceae R-7 group
ASV_44,Bacteria,Proteobacteria,Alphaproteobacteria,Rhizobiales,Rhizobiaceae,Pseudaminobacter
ASV_45,Bacteria,Proteobacteria,Alphaproteobacteria,Rhizobiales,Devosiaceae,Devosia
ASV_46,Bacteria,Proteobacteria,Alphaproteobacteria,Micropepsales,Micropepsaceae,NA
ASV_47,Bacteria,Proteobacteria,Gammaproteobacteria,Pseudomonadales,Pseudomonadaceae,Pseudomonas
ASV_48,Bacteria,Proteobacteria,Gammaproteobacteria,Burkholderiales,Alcaligenaceae,Pusillimonas
ASV_49,Bacteria,Bacteroidota,Bacteroidia,Sphingobacteriales,Sphingobacteriaceae,Parapedobacter
ASV_50,Bacteria,Proteobacteria,Alphaproteobacteria,Ferrovibrionales,Taonella,NA
ASV_51,Bacteria,Firmicutes,Bacilli,Bacillales,Planococcaceae,Kurthia
ASV_52,Bacteria,Proteobacteria,Alphaproteobacteria,Rhizobiales,Rhizobiaceae,Pseudaminobacter
ASV_53,Bacteria,Bacteroidota,Bacteroidia,Chitinophagales,Chitinophagaceae,Terrimonas
ASV_54,Bacteria,Proteobacteria,Alphaproteobacteria,Sphingomonadales,Sphingomonadaceae,Sphingopyxis
ASV_55,Bacteria,Proteobacteria,Alphaproteobacteria,Sphingomonadales,Sphingomonadaceae,Ellin6055
ASV_56,Bacteria,Proteobacteria,Alphaproteobacteria,Caulobacterales,Caulobacteraceae,Phenylobacterium
ASV_57,Bacteria,Bacteroidota,Bacteroidia,Flavobacteriales,Flavobacteriaceae,Flavobacterium
ASV_58,Bacteria,Proteobacteria,Gammaproteobacteria,Enterobacterales,Succinivibrionaceae,Succinivibrionaceae UCG-001
ASV_59,Bacteria,Proteobacteria,Gammaproteobacteria,Pseudomonadales,Pseudomonadaceae,Pseudomonas
ASV_60,Bacteria,Firmicutes,Bacilli,Bacillales,Planococcaceae,Kurthia
ASV_61,Bacteria,Firmicutes,Bacilli,Bacillales,Planococcaceae,Rummeliibacillus
ASV_62,Bacteria,Proteobacteria,Alphaproteobacteria,Rhizobiales,Rhizobiaceae,NA
ASV_63,Bacteria,Proteobacteria,Gammaproteobacteria,Enterobacterales,Enterobacteriaceae,Kosakonia
ASV_64,Bacteria,Proteobacteria,Gammaproteobacteria,Pseudomonadales,Pseudomonadaceae,Pseudomonas
ASV_65,Bacteria,Firmicutes,Bacilli,Lactobacillales,Enterococcaceae,Enterococcus
ASV_66,Bacteria,Proteobacteria,Gammaproteobacteria,Burkholderiales,Oxalobacteraceae,Herbaspirillum
ASV_67,Bacteria,Proteobacteria,Gammaproteobacteria,Pseudomonadales,Pseudomonadaceae,Pseudomonas
ASV_68,Bacteria,Bacteroidota,Bacteroidia,Bacteroidales,Prevotellaceae,Prevotella
ASV_69,Bacteria,Bacteroidota,Bacteroidia,Sphingobacteriales,Sphingobacteriaceae,NA
ASV_70,Bacteria,Firmicutes,Bacilli,Staphylococcales,Staphylococcaceae,NA
ASV_71,Bacteria,Proteobacteria,Alphaproteobacteria,Rhizobiales,Kaistiaceae,Kaistia
ASV_72,Bacteria,Firmicutes,Bacilli,Bacillales,Bacillaceae,NA
ASV_73,Bacteria,Proteobacteria,Alphaproteobacteria,Rhizobiales,Devosiaceae,Devosia
ASV_74,Bacteria,Firmicutes,Clostridia,Christensenellales,Christensenellaceae,Christensenellaceae R-7 group
ASV_75,Bacteria,Proteobacteria,Gammaproteobacteria,Enterobacterales,Succinivibrionaceae,Succinivibrionaceae UCG-002
ASV_76,Bacteria,Bacteroidota,Bacteroidia,Bacteroidales,Prevotellaceae,Prevotella
ASV_77,Bacteria,Proteobacteria,Gammaproteobacteria,Burkholderiales,Alcaligenaceae,Eoetvoesia
ASV_78,Bacteria,Proteobacteria,Gammaproteobacteria,Pseudomonadales,Pseudomonadaceae,Pseudomonas
ASV_79,Bacteria,Proteobacteria,Alphaproteobacteria,Rhizobiales,Beijerinckiaceae,Bosea
ASV_80,Bacteria,Fibrobacterota,Fibrobacteria,Fibrobacterales,Fibrobacteraceae,Fibrobacter
ASV_81,Bacteria,Firmicutes,Bacilli,Bacillales,Planococcaceae,Solibacillus
ASV_82,Bacteria,Proteobacteria,Gammaproteobacteria,Xanthomonadales,Xanthomonadaceae,Stenotrophomonas
ASV_83,Bacteria,Actinobacteriota,Actinobacteria,Micrococcales,Cellulomonadaceae,Cellulomonas
ASV_84,Bacteria,Firmicutes,Negativicutes,Acidaminococcales,Acidaminococcaceae,Succiniclasticum
ASV_85,Bacteria,Actinobacteriota,Actinobacteria,Micrococcales,Microbacteriaceae,NA
ASV_86,Bacteria,Bacteroidota,Bacteroidia,Bacteroidales,Rikenellaceae,Rikenellaceae RC9 gut group
ASV_87,Bacteria,Proteobacteria,Gammaproteobacteria,Enterobacterales,Enterobacteriaceae,Klebsiella
ASV_88,Bacteria,Proteobacteria,Alphaproteobacteria,Rhizobiales,Rhizobiaceae,NA
ASV_89,Bacteria,Firmicutes,Clostridia,Christensenellales,Christensenellaceae,Christensenellaceae R-7 group
ASV_90,Bacteria,Bacteroidota,Bacteroidia,Bacteroidales,Prevotellaceae,Prevotella
ASV_91,Bacteria,Proteobacteria,Alphaproteobacteria,Rhizobiales,Devosiaceae,Youhaiella
ASV_92,Bacteria,Proteobacteria,Gammaproteobacteria,Pseudomonadales,Moraxellaceae,Acinetobacter
ASV_93,Bacteria,Proteobacteria,Alphaproteobacteria,Rhizobiales,Beijerinckiaceae,Bosea
ASV_94,Bacteria,Firmicutes,Clostridia,Oscillospirales,Oscillospiraceae,NK4A214 group
ASV_95,Bacteria,Actinobacteriota,Actinobacteria,Micrococcales,Microbacteriaceae,NA
ASV_96,Bacteria,Firmicutes,Clostridia,Christensenellales,Christensenellaceae,Christensenellaceae R-7 group
ASV_97,Bacteria,Firmicutes,Clostridia,Peptostreptococcales-Tissierellales,Peptostreptococcaceae,Peptoclostridium
ASV_98,Bacteria,Firmicutes,Bacilli,Lactobacillales,Lactobacillaceae,Weissella
ASV_99,Bacteria,Actinobacteriota,Actinobacteria,Micrococcales,Microbacteriaceae,NA
ASV_100,Bacteria,Firmicutes,Bacilli,Bacillales,Bacillaceae,Bacillus
ASV_101,Bacteria,Firmicutes,Bacilli,Bacillales,Planococcaceae,Sporosarcina
ASV_102,Bacteria,Fibrobacterota,Fibrobacteria,Fibrobacterales,Fibrobacteraceae,Fibrobacter
ASV_103,Bacteria,Bacteroidota,Bacteroidia,Sphingobacteriales,Sphingobacteriaceae,Sphingobacterium
ASV_104,Bacteria,Firmicutes,Clostridia,Christensenellales,Christensenellaceae,Christensenellaceae R-7 group
ASV_105,Bacteria,Firmicutes,Clostridia,Oscillospirales,Hungateiclostridiaceae,Saccharofermentans
ASV_106,Bacteria,Actinobacteriota,Actinobacteria,Micrococcales,Microbacteriaceae,NA
ASV_107,Bacteria,Firmicutes,Clostridia,Christensenellales,Christensenellaceae,Christensenellaceae R-7 group
ASV_108,Bacteria,Bacteroidota,Bacteroidia,Bacteroidales,Rikenellaceae,Rikenellaceae RC9 gut group
ASV_109,Bacteria,Bacteroidota,Bacteroidia,Bacteroidales,Prevotellaceae,Prevotella
ASV_110,Bacteria,Bacteroidota,Bacteroidia,Bacteroidales,Prevotellaceae,Prevotella
ASV_111,Bacteria,Actinobacteriota,Actinobacteria,Corynebacteriales,Nocardiaceae,Rhodococcus
ASV_112,Bacteria,Firmicutes,Bacilli,Bacillales,Sporolactobacillaceae,NA
ASV_113,Bacteria,Bacteroidota,Bacteroidia,Bacteroidales,Bacteroidales RF16 group,NA
ASV_114,Bacteria,Bacteroidota,Bacteroidia,Bacteroidales,Prevotellaceae,Prevotella_7
ASV_115,Bacteria,Firmicutes,Clostridia,Lachnospirales,Lachnospiraceae,Pseudobutyrivibrio
ASV_116,Bacteria,Proteobacteria,Gammaproteobacteria,Pseudomonadales,Pseudomonadaceae,NA
ASV_117,Bacteria,Bacteroidota,Bacteroidia,Bacteroidales,Prevotellaceae,Prevotella
ASV_118,Bacteria,Proteobacteria,Gammaproteobacteria,Burkholderiales,Alcaligenaceae,Orrella
ASV_119,Bacteria,Bacteroidota,Bacteroidia,Bacteroidales,Prevotellaceae,Prevotella
ASV_120,Bacteria,Proteobacteria,Alphaproteobacteria,Rhizobiales,Xanthobacteraceae,Oligotropha
ASV_121,Bacteria,Firmicutes,Bacilli,Lactobacillales,Aerococcaceae,Aerococcus
ASV_122,Bacteria,Proteobacteria,Gammaproteobacteria,Burkholderiales,Alcaligenaceae,Alcaligenes
ASV_123,Bacteria,Firmicutes,Clostridia,Oscillospirales,Oscillospiraceae,NK4A214 group
ASV_124,Bacteria,Firmicutes,Bacilli,Lactobacillales,Streptococcaceae,Lactococcus
ASV_125,Bacteria,Bacteroidota,Bacteroidia,Bacteroidales,Prevotellaceae,Prevotella
ASV_126,Bacteria,Firmicutes,Bacilli,Bacillales,Planococcaceae,Caryophanon
ASV_127,Bacteria,Proteobacteria,Alphaproteobacteria,Rickettsiales,Mitochondria,NA
ASV_128,Bacteria,Firmicutes,Clostridia,Lachnospirales,Lachnospiraceae,Butyrivibrio
ASV_129,Bacteria,Proteobacteria,Gammaproteobacteria,Xanthomonadales,Xanthomonadaceae,Stenotrophomonas
ASV_130,Bacteria,Bacteroidota,Bacteroidia,Bacteroidales,Prevotellaceae,Prevotella
ASV_131,Bacteria,Bacteroidota,Bacteroidia,Flavobacteriales,Weeksellaceae,NA
ASV_132,Bacteria,Actinobacteriota,Actinobacteria,Propionibacteriales,Nocardioidaceae,Nocardioides
ASV_133,Bacteria,Proteobacteria,Gammaproteobacteria,Burkholderiales,Comamonadaceae,NA
ASV_134,Bacteria,Bacteroidota,Bacteroidia,Flavobacteriales,Flavobacteriaceae,Flavobacterium
ASV_135,Bacteria,Bacteroidota,Bacteroidia,Bacteroidales,Prevotellaceae,Prevotella
ASV_136,Bacteria,Bacteroidota,Bacteroidia,Bacteroidales,Prevotellaceae,Prevotella
ASV_137,Bacteria,Fibrobacterota,Fibrobacteria,Fibrobacterales,Fibrobacteraceae,Fibrobacter
ASV_138,Bacteria,Bacteroidota,Bacteroidia,Bacteroidales,Prevotellaceae,Prevotella
ASV_139,Bacteria,Bacteroidota,Bacteroidia,Bacteroidales,Prevotellaceae,Prevotella
ASV_140,Bacteria,Proteobacteria,Alphaproteobacteria,Sphingomonadales,Sphingomonadaceae,Sphingomonas
ASV_141,Bacteria,Verrucomicrobiota,Verrucomicrobiae,Opitutales,Opitutaceae,Lacunisphaera
ASV_142,Bacteria,Bacteroidota,Bacteroidia,Bacteroidales,Prevotellaceae,Prevotella
ASV_143,Bacteria,Bacteroidota,Bacteroidia,Flavobacteriales,Weeksellaceae,Chishuiella
ASV_144,Bacteria,Proteobacteria,Gammaproteobacteria,Pseudomonadales,Moraxellaceae,Acinetobacter
ASV_145,Bacteria,Firmicutes,Clostridia,Oscillospirales,Oscillospiraceae,NK4A214 group
ASV_146,Bacteria,Proteobacteria,Alphaproteobacteria,Rickettsiales,Mitochondria,NA
ASV_147,Bacteria,Bacteroidota,Bacteroidia,Sphingobacteriales,Sphingobacteriaceae,NA
ASV_148,Bacteria,Firmicutes,Clostridia,Christensenellales,Christensenellaceae,Christensenellaceae R-7 group
ASV_149,Bacteria,Bacteroidota,Bacteroidia,Flavobacteriales,Weeksellaceae,NA
ASV_150,Bacteria,Proteobacteria,Alphaproteobacteria,Rhizobiales,Xanthobacteraceae,Afipia
ASV_151,Bacteria,Firmicutes,Bacilli,Staphylococcales,Staphylococcaceae,Staphylococcus
ASV_152,Bacteria,Bacteroidota,Bacteroidia,Bacteroidales,F082,NA
ASV_153,Bacteria,Bacteroidota,Bacteroidia,Bacteroidales,Prevotellaceae,Prevotella_7
ASV_154,Bacteria,Firmicutes,Bacilli,Paenibacillales,Paenibacillaceae,Cohnella
ASV_155,Bacteria,Bacteroidota,Bacteroidia,Bacteroidales,Prevotellaceae,Prevotella
ASV_156,Bacteria,Proteobacteria,Gammaproteobacteria,Pseudomonadales,Cellvibrionaceae,Cellvibrio
ASV_157,Bacteria,Bacteroidota,Bacteroidia,Flavobacteriales,Flavobacteriaceae,Flavobacterium
ASV_158,Bacteria,Actinobacteriota,Actinobacteria,Micrococcales,Microbacteriaceae,NA
ASV_159,Bacteria,Proteobacteria,Gammaproteobacteria,Pseudomonadales,Moraxellaceae,Acinetobacter
ASV_160,Bacteria,Bacteroidota,Bacteroidia,Cytophagales,Spirosomaceae,Leadbetterella
ASV_161,Bacteria,Actinobacteriota,Actinobacteria,Micrococcales,Dermabacteraceae,Brachybacterium
ASV_162,Bacteria,Bacteroidota,Bacteroidia,Chitinophagales,Chitinophagaceae,Taibaiella
ASV_163,Bacteria,Firmicutes,Clostridia,Oscillospirales,Oscillospiraceae,NK4A214 group
ASV_164,Bacteria,Firmicutes,Clostridia,Oscillospirales,Oscillospiraceae,NK4A214 group
ASV_165,Bacteria,Bacteroidota,Bacteroidia,Bacteroidales,Prevotellaceae,Prevotella
ASV_166,Bacteria,Bacteroidota,Bacteroidia,Flavobacteriales,Flavobacteriaceae,Flavobacterium
ASV_167,Bacteria,Proteobacteria,Gammaproteobacteria,Xanthomonadales,Xanthomonadaceae,Stenotrophomonas
ASV_168,Bacteria,Proteobacteria,Gammaproteobacteria,Xanthomonadales,Xanthomonadaceae,NA
ASV_169,Bacteria,Firmicutes,Clostridia,Christensenellales,Christensenellaceae,Christensenellaceae R-7 group
ASV_170,Bacteria,Firmicutes,Clostridia,Lachnospirales,Lachnospiraceae,probable genus 10
ASV_171,Bacteria,Proteobacteria,Gammaproteobacteria,Burkholderiales,Alcaligenaceae,Pigmentiphaga
ASV_172,Bacteria,Proteobacteria,Alphaproteobacteria,Rickettsiales,Mitochondria,NA
ASV_173,Bacteria,Bacteroidota,Bacteroidia,Bacteroidales,Prevotellaceae,Prevotella
ASV_174,Bacteria,Proteobacteria,Gammaproteobacteria,Xanthomonadales,Xanthomonadaceae,NA
ASV_175,Bacteria,Bacteroidota,Bacteroidia,Bacteroidales,Rikenellaceae,Rikenellaceae RC9 gut group
ASV_176,Bacteria,Bacteroidota,Bacteroidia,Bacteroidales,Rikenellaceae,Rikenellaceae RC9 gut group
ASV_177,Bacteria,Bacteroidota,Bacteroidia,Bacteroidales,Prevotellaceae,Prevotellaceae UCG-001
ASV_178,Bacteria,Actinobacteriota,Actinobacteria,Streptomycetales,Streptomycetaceae,Streptomyces
ASV_179,Bacteria,Bacteroidota,Bacteroidia,Bacteroidales,Prevotellaceae,Prevotella
ASV_180,Bacteria,Bacteroidota,Bacteroidia,Bacteroidales,Prevotellaceae,Prevotella
ASV_181,Bacteria,Firmicutes,Clostridia,Lachnospirales,Lachnospiraceae,Butyrivibrio
ASV_182,Bacteria,Bacteroidota,Bacteroidia,Bacteroidales,Prevotellaceae,Prevotella
ASV_183,Bacteria,Proteobacteria,Gammaproteobacteria,Pseudomonadales,Moraxellaceae,Acinetobacter
ASV_184,Bacteria,Bacteroidota,Bacteroidia,Bacteroidales,Prevotellaceae,Prevotella
ASV_185,Bacteria,Bacteroidota,Bacteroidia,Bacteroidales,Prevotellaceae,Prevotella
ASV_186,Bacteria,Bacteroidota,Bacteroidia,Bacteroidales,Prevotellaceae,Prevotellaceae YAB2003 group
ASV_187,Bacteria,Fibrobacterota,Fibrobacteria,Fibrobacterales,Fibrobacteraceae,Fibrobacter
ASV_188,Bacteria,Proteobacteria,Gammaproteobacteria,Burkholderiales,NA,NA
ASV_189,Bacteria,Firmicutes,Bacilli,Paenibacillales,Paenibacillaceae,NA
ASV_190,Bacteria,Firmicutes,Bacilli,Bacillales,Bacillaceae,Oceanobacillus
ASV_191,Bacteria,Bacteroidota,Bacteroidia,Bacteroidales,Prevotellaceae,Prevotellaceae UCG-003
ASV_192,Bacteria,Fibrobacterota,Fibrobacteria,Fibrobacterales,Fibrobacteraceae,Fibrobacter
ASV_193,Bacteria,Firmicutes,Clostridia,Christensenellales,Christensenellaceae,Christensenellaceae R-7 group
ASV_194,Bacteria,Proteobacteria,Alphaproteobacteria,Micropepsales,Micropepsaceae,NA
ASV_195,Bacteria,Firmicutes,Clostridia,Lachnospirales,Lachnospiraceae,Lachnospiraceae UCG-006
ASV_196,Bacteria,Proteobacteria,Alphaproteobacteria,Rickettsiales,Mitochondria,NA
ASV_197,Bacteria,Firmicutes,Clostridia,NA,NA,NA
ASV_198,Bacteria,Firmicutes,Clostridia,Oscillospirales,Oscillospiraceae,NK4A214 group
ASV_199,Bacteria,Firmicutes,Clostridia,Lachnospirales,Lachnospiraceae,Butyrivibrio
ASV_200,Bacteria,Proteobacteria,Gammaproteobacteria,Enterobacterales,Morganellaceae,Providencia
ASV_201,Bacteria,Firmicutes,Negativicutes,Acidaminococcales,Acidaminococcaceae,Succiniclasticum
ASV_202,Bacteria,Bacteroidota,Bacteroidia,Bacteroidales,Bacteroidales BS11 gut group,NA
ASV_203,Bacteria,Firmicutes,Clostridia,Oscillospirales,Oscillospiraceae,NK4A214 group
ASV_204,Bacteria,Cyanobacteria,Vampirivibrionia,Gastranaerophilales,NA,NA
ASV_205,Bacteria,Firmicutes,Clostridia,Christensenellales,Christensenellaceae,NA
ASV_206,Bacteria,Proteobacteria,Gammaproteobacteria,Xanthomonadales,Xanthomonadaceae,Stenotrophomonas
ASV_207,Bacteria,Bacteroidota,Bacteroidia,Flavobacteriales,Weeksellaceae,Moheibacter
ASV_208,Bacteria,Bacteroidota,Bacteroidia,Bacteroidales,Prevotellaceae,Prevotella_9
ASV_209,Bacteria,Fibrobacterota,Fibrobacteria,Fibrobacterales,Fibrobacteraceae,Fibrobacter
ASV_210,Bacteria,Proteobacteria,Gammaproteobacteria,Enterobacterales,Enterobacteriaceae,Kosakonia
ASV_211,Bacteria,Fibrobacterota,Fibrobacteria,Fibrobacterales,Fibrobacteraceae,Fibrobacter
ASV_212,Bacteria,Bacteroidota,Bacteroidia,Bacteroidales,Rikenellaceae,Rikenellaceae RC9 gut group
ASV_213,Bacteria,Bacteroidota,Bacteroidia,Bacteroidales,Prevotellaceae,Prevotellaceae YAB2003 group
ASV_214,Bacteria,Proteobacteria,Gammaproteobacteria,Burkholderiales,Alcaligenaceae,NA
ASV_215,Bacteria,Firmicutes,Clostridia,Christensenellales,Christensenellaceae,Christensenellaceae R-7 group
ASV_216,Bacteria,Proteobacteria,Gammaproteobacteria,Xanthomonadales,Xanthomonadaceae,Thermomonas
ASV_217,Bacteria,Proteobacteria,Gammaproteobacteria,Enterobacterales,Succinivibrionaceae,Ruminobacter
ASV_218,Bacteria,Proteobacteria,Gammaproteobacteria,Pseudomonadales,Moraxellaceae,Acinetobacter
ASV_219,Bacteria,Chloroflexi,Anaerolineae,Anaerolineales,Anaerolineaceae,Flexilinea
ASV_220,Bacteria,Bacteroidota,Bacteroidia,Bacteroidales,Prevotellaceae,Prevotella
ASV_221,Bacteria,Actinobacteriota,Actinobacteria,Streptosporangiales,Nocardiopsaceae,Nocardiopsis
ASV_222,Bacteria,Proteobacteria,Gammaproteobacteria,Enterobacterales,NA,NA
ASV_223,Bacteria,Firmicutes,Clostridia,Lachnospirales,Lachnospiraceae,Lachnospiraceae NK3A20 group
ASV_224,Bacteria,Bacteroidota,Bacteroidia,Bacteroidales,Prevotellaceae,Prevotella
ASV_225,Bacteria,Proteobacteria,Gammaproteobacteria,Enterobacterales,Enterobacteriaceae,NA
ASV_226,Bacteria,Firmicutes,Clostridia,Oscillospirales,Ruminococcaceae,Ruminococcus
ASV_227,Bacteria,Bacteroidota,Bacteroidia,Bacteroidales,Prevotellaceae,Prevotellaceae UCG-003
ASV_228,Bacteria,Proteobacteria,Gammaproteobacteria,Pseudomonadales,Pseudomonadaceae,NA
ASV_229,Bacteria,Firmicutes,Clostridia,Christensenellales,Christensenellaceae,Christensenellaceae R-7 group
ASV_230,Bacteria,Proteobacteria,Alphaproteobacteria,Rhizobiales,Pleomorphomonadaceae,Pleomorphomonas
ASV_231,Bacteria,Bacteroidota,Bacteroidia,Bacteroidales,Prevotellaceae,Prevotella
ASV_232,Bacteria,Proteobacteria,Alphaproteobacteria,Rickettsiales,Mitochondria,NA
ASV_233,Bacteria,Firmicutes,Clostridia,Lachnospirales,Lachnospiraceae,Lachnospiraceae XPB1014 group
ASV_234,Archaea,Euryarchaeota,Methanobacteria,Methanobacteriales,Methanobacteriaceae,Methanobrevibacter
ASV_235,Bacteria,Firmicutes,Clostridia,Peptostreptococcales-Tissierellales,Anaerovoracaceae,Mogibacterium
ASV_236,Bacteria,Firmicutes,Clostridia,Oscillospirales,Hungateiclostridiaceae,Saccharofermentans
ASV_237,Bacteria,Cyanobacteria,Vampirivibrionia,Gastranaerophilales,NA,NA
ASV_238,Bacteria,Firmicutes,Clostridia,Christensenellales,Christensenellaceae,Christensenellaceae R-7 group
ASV_239,Bacteria,Firmicutes,Clostridia,Peptostreptococcales-Tissierellales,Anaerovoracaceae,Anaerovorax
ASV_240,Bacteria,Firmicutes,Clostridia,Oscillospirales,Hungateiclostridiaceae,Saccharofermentans
ASV_241,Bacteria,Bacteroidota,Bacteroidia,Bacteroidales,Prevotellaceae,Prevotella
ASV_242,Bacteria,Firmicutes,Clostridia,Lachnospirales,Lachnospiraceae,[Eubacterium] ruminantium group
ASV_243,Bacteria,Bacteroidota,Bacteroidia,Bacteroidales,Prevotellaceae,Prevotella
ASV_244,Bacteria,Firmicutes,Clostridia,Christensenellales,Christensenellaceae,Christensenellaceae R-7 group
ASV_245,Bacteria,Proteobacteria,Gammaproteobacteria,Burkholderiales,Alcaligenaceae,NA
ASV_246,Bacteria,Bacteroidota,Bacteroidia,Bacteroidales,Prevotellaceae,Prevotella
ASV_247,Bacteria,Fibrobacterota,Fibrobacteria,Fibrobacterales,Fibrobacteraceae,Fibrobacter
ASV_248,Bacteria,Verrucomicrobiota,Verrucomicrobiae,Opitutales,Opitutaceae,NA
ASV_249,Bacteria,Firmicutes,Clostridia,Oscillospirales,Ruminococcaceae,Ruminococcus
ASV_250,Bacteria,Planctomycetota,Planctomycetes,Pirellulales,Pirellulaceae,CPla-4 termite group
ASV_251,Bacteria,Firmicutes,Clostridia,Oscillospirales,Hungateiclostridiaceae,Saccharofermentans
ASV_252,Bacteria,Firmicutes,Bacilli,Bacillales,Bacillaceae,Bacillus
ASV_253,Bacteria,Proteobacteria,Gammaproteobacteria,Burkholderiales,Alcaligenaceae,NA
ASV_254,Bacteria,Proteobacteria,Gammaproteobacteria,Pseudomonadales,Pseudomonadaceae,Pseudomonas
ASV_255,Bacteria,Bacteroidota,Bacteroidia,Bacteroidales,Prevotellaceae,Prevotella
ASV_256,Bacteria,Fibrobacterota,Fibrobacteria,Fibrobacterales,Fibrobacteraceae,Fibrobacter
ASV_257,Bacteria,Cyanobacteria,Vampirivibrionia,Gastranaerophilales,NA,NA
ASV_258,Bacteria,Firmicutes,Clostridia,Oscillospirales,Oscillospiraceae,NK4A214 group
ASV_259,Bacteria,Bacteroidota,Bacteroidia,Flavobacteriales,Flavobacteriaceae,Flavobacterium
ASV_260,Bacteria,Firmicutes,Negativicutes,Acidaminococcales,Acidaminococcaceae,Succiniclasticum
ASV_261,Bacteria,Bacteroidota,Bacteroidia,Bacteroidales,Rikenellaceae,SP3-e08
ASV_262,Bacteria,Firmicutes,Clostridia,Oscillospirales,Ruminococcaceae,Ruminococcus
ASV_263,Bacteria,Firmicutes,Clostridia,Christensenellales,Christensenellaceae,Christensenellaceae R-7 group
ASV_264,Bacteria,Firmicutes,Negativicutes,Acidaminococcales,Acidaminococcaceae,Succiniclasticum
ASV_265,Bacteria,Proteobacteria,Gammaproteobacteria,Enterobacterales,Enterobacteriaceae,Trabulsiella
ASV_266,Bacteria,Bacteroidota,Bacteroidia,Bacteroidales,Prevotellaceae,Prevotella
ASV_267,Bacteria,Firmicutes,Clostridia,Christensenellales,Christensenellaceae,Christensenellaceae R-7 group
ASV_268,Bacteria,Firmicutes,Clostridia,Oscillospirales,Oscillospiraceae,NK4A214 group
ASV_269,Bacteria,Patescibacteria,Gracilibacteria,Absconditabacteriales (SR1),NA,NA
ASV_270,Bacteria,Firmicutes,Clostridia,Lachnospirales,Lachnospiraceae,Butyrivibrio
ASV_271,Bacteria,Chloroflexi,Anaerolineae,Anaerolineales,Anaerolineaceae,Flexilinea
ASV_272,Bacteria,Bacteroidota,Bacteroidia,Flavobacteriales,Flavobacteriaceae,Flavobacterium
ASV_273,Bacteria,Bacteroidota,Bacteroidia,Bacteroidales,Prevotellaceae,Prevotella
ASV_274,Bacteria,Firmicutes,Clostridia,Christensenellales,Christensenellaceae,Christensenellaceae R-7 group
ASV_275,Bacteria,Bacteroidota,Bacteroidia,Bacteroidales,F082,NA
ASV_276,Bacteria,Bacteroidota,Bacteroidia,Bacteroidales,Prevotellaceae,Prevotella
ASV_277,Bacteria,Bacteroidota,Bacteroidia,Bacteroidales,Bacteroidetes BD2-2,NA
ASV_278,Bacteria,Firmicutes,Bacilli,RF39,NA,NA
ASV_279,Bacteria,Firmicutes,Clostridia,Lachnospirales,Lachnospiraceae,Lachnospiraceae XPB1014 group
ASV_280,Bacteria,Firmicutes,Clostridia,Oscillospirales,Hungateiclostridiaceae,Saccharofermentans
ASV_281,Bacteria,Cyanobacteria,Vampirivibrionia,Gastranaerophilales,NA,NA
ASV_282,Bacteria,NA,NA,NA,NA,NA
ASV_283,Bacteria,Proteobacteria,Alphaproteobacteria,Caulobacterales,Caulobacteraceae,Brevundimonas
ASV_284,Bacteria,Bacteroidota,Bacteroidia,Bacteroidales,Rikenellaceae,Rikenellaceae RC9 gut group
ASV_285,Bacteria,Verrucomicrobiota,Kiritimatiellae,WCHB1-41,NA,NA
ASV_286,Bacteria,Firmicutes,Bacilli,NA,NA,NA
ASV_287,Bacteria,Proteobacteria,Alphaproteobacteria,Rickettsiales,Mitochondria,NA
ASV_288,Bacteria,Bacteroidota,Bacteroidia,Bacteroidales,Prevotellaceae,Prevotella
ASV_289,Bacteria,Firmicutes,Bacilli,RF39,NA,NA
ASV_290,Bacteria,Cyanobacteria,Vampirivibrionia,Gastranaerophilales,NA,NA
ASV_291,Bacteria,Bacteroidota,Bacteroidia,Bacteroidales,Prevotellaceae,Prevotella
ASV_292,Bacteria,Firmicutes,Clostridia,Oscillospirales,Oscillospiraceae,NK4A214 group
ASV_293,Bacteria,Firmicutes,Clostridia,Oscillospirales,Oscillospiraceae,NK4A214 group
ASV_294,Bacteria,Proteobacteria,Gammaproteobacteria,Burkholderiales,Alcaligenaceae,NA
ASV_295,Bacteria,Proteobacteria,Gammaproteobacteria,Xanthomonadales,Xanthomonadaceae,Luteimonas
ASV_296,Bacteria,Bacteroidota,Bacteroidia,Bacteroidales,Rikenellaceae,Rikenellaceae RC9 gut group
ASV_297,Bacteria,Proteobacteria,Alphaproteobacteria,Rickettsiales,Mitochondria,NA
ASV_298,Bacteria,Desulfobacterota,Desulfovibrionia,Desulfovibrionales,Desulfovibrionaceae,Desulfovibrio
ASV_299,Bacteria,Bacteroidota,Bacteroidia,Bacteroidales,Prevotellaceae,Prevotellaceae UCG-001
ASV_300,Bacteria,Actinobacteriota,Actinobacteria,Streptomycetales,Streptomycetaceae,Streptomyces
ASV_301,Bacteria,Actinobacteriota,Actinobacteria,Micrococcales,Dermabacteraceae,Brachybacterium
ASV_302,Bacteria,Bacteroidota,Bacteroidia,Bacteroidales,Prevotellaceae,Prevotella
ASV_303,Bacteria,Cyanobacteria,Vampirivibrionia,Gastranaerophilales,NA,NA
ASV_304,Bacteria,Firmicutes,Bacilli,RF39,NA,NA
ASV_305,Bacteria,Proteobacteria,Gammaproteobacteria,Pseudomonadales,Cellvibrionaceae,Cellvibrio
ASV_306,Bacteria,Firmicutes,Clostridia,Lachnospirales,Lachnospiraceae,Butyrivibrio
ASV_307,Bacteria,Proteobacteria,Alphaproteobacteria,Sphingomonadales,Sphingomonadaceae,Sphingopyxis
ASV_308,Bacteria,Verrucomicrobiota,Verrucomicrobiae,Opitutales,Opitutaceae,Lacunisphaera
ASV_309,Bacteria,Actinobacteriota,Actinobacteria,Micrococcales,Cellulomonadaceae,Cellulomonas
ASV_310,Bacteria,Firmicutes,Bacilli,Erysipelotrichales,Erysipelatoclostridiaceae,Sharpea
ASV_311,Bacteria,Bacteroidota,Bacteroidia,Bacteroidales,Prevotellaceae,Prevotella
ASV_312,Bacteria,Bacteroidota,Bacteroidia,Bacteroidales,Prevotellaceae,Prevotella
ASV_313,Archaea,Euryarchaeota,Methanobacteria,Methanobacteriales,Methanobacteriaceae,Methanobrevibacter
ASV_314,Bacteria,Bacteroidota,Bacteroidia,Bacteroidales,Prevotellaceae,Prevotella
ASV_315,Bacteria,Bacteroidota,Bacteroidia,Bacteroidales,Prevotellaceae,Prevotella
ASV_316,Bacteria,Bacteroidota,Bacteroidia,Bacteroidales,Prevotellaceae,NA
ASV_317,Bacteria,Proteobacteria,Alphaproteobacteria,Caulobacterales,Caulobacteraceae,Asticcacaulis
ASV_318,Bacteria,Cyanobacteria,Vampirivibrionia,Gastranaerophilales,NA,NA
ASV_319,Bacteria,Firmicutes,Clostridia,Christensenellales,Christensenellaceae,Christensenellaceae R-7 group
ASV_320,Bacteria,Proteobacteria,Gammaproteobacteria,Pseudomonadales,NA,NA
ASV_321,Bacteria,Bacteroidota,Bacteroidia,Bacteroidales,CAP-aah99b04,NA
ASV_322,Bacteria,Proteobacteria,Gammaproteobacteria,NA,NA,NA
ASV_323,Bacteria,Proteobacteria,Gammaproteobacteria,Burkholderiales,NA,NA
ASV_324,Bacteria,Firmicutes,Clostridia,Oscillospirales,Oscillospiraceae,NK4A214 group
ASV_325,Bacteria,Bacteroidota,Bacteroidia,Bacteroidales,Rikenellaceae,SP3-e08
ASV_326,Bacteria,Bacteroidota,Bacteroidia,Bacteroidales,Prevotellaceae,Prevotella
ASV_327,Bacteria,Bacteroidota,Bacteroidia,Sphingobacteriales,Sphingobacteriaceae,Nubsella
ASV_328,Bacteria,Firmicutes,Negativicutes,Veillonellales-Selenomonadales,Veillonellaceae,Megasphaera
ASV_329,Bacteria,Firmicutes,Clostridia,Oscillospirales,Ruminococcaceae,Ruminococcus
ASV_330,Bacteria,Firmicutes,Clostridia,Lachnospirales,Lachnospiraceae,[Eubacterium] ventriosum group
ASV_331,Bacteria,Actinobacteriota,Actinobacteria,Micrococcales,Micrococcaceae,NA
ASV_332,Bacteria,Cyanobacteria,Vampirivibrionia,Gastranaerophilales,NA,NA
ASV_333,Bacteria,Chloroflexi,Anaerolineae,Anaerolineales,Anaerolineaceae,Flexilinea
ASV_334,Bacteria,Firmicutes,Clostridia,Oscillospirales,Ruminococcaceae,Faecalibacterium
ASV_335,Bacteria,Firmicutes,Clostridia,Clostridia UCG-014,NA,NA
ASV_336,Bacteria,Firmicutes,Clostridia,Oscillospirales,UCG-010,NA
ASV_337,Bacteria,Bacteroidota,Bacteroidia,Bacteroidales,Prevotellaceae,Prevotella
ASV_338,Bacteria,Proteobacteria,Gammaproteobacteria,NA,NA,NA
ASV_339,Bacteria,Firmicutes,Negativicutes,Acidaminococcales,Acidaminococcaceae,Succiniclasticum
ASV_340,Bacteria,Firmicutes,Clostridia,Lachnospirales,Lachnospiraceae,Blautia
ASV_341,Bacteria,Firmicutes,Negativicutes,Acidaminococcales,Acidaminococcaceae,Succiniclasticum
ASV_342,Bacteria,Firmicutes,Clostridia,Clostridia UCG-014,NA,NA
ASV_343,Bacteria,Proteobacteria,Gammaproteobacteria,Enterobacterales,Enterobacteriaceae,NA
ASV_344,Bacteria,Proteobacteria,Alphaproteobacteria,Sphingomonadales,Sphingomonadaceae,Plot4-2H12
ASV_345,Bacteria,Verrucomicrobiota,Kiritimatiellae,WCHB1-41,NA,NA
ASV_346,Bacteria,Firmicutes,Clostridia,Peptostreptococcales-Tissierellales,Peptostreptococcaceae,Peptoclostridium
ASV_347,Bacteria,Bacteroidota,Bacteroidia,Sphingobacteriales,Sphingobacteriaceae,Parapedobacter
ASV_348,Bacteria,Firmicutes,Clostridia,Oscillospirales,Oscillospiraceae,NK4A214 group
ASV_349,Bacteria,Cyanobacteria,Vampirivibrionia,Gastranaerophilales,NA,NA
ASV_350,Bacteria,Firmicutes,Clostridia,Lachnospirales,Lachnospiraceae,Lachnospiraceae ND3007 group
ASV_351,Bacteria,Proteobacteria,Gammaproteobacteria,Pseudomonadales,Pseudomonadaceae,Pseudomonas
ASV_352,Bacteria,Cyanobacteria,Vampirivibrionia,Gastranaerophilales,NA,NA
ASV_353,Bacteria,Proteobacteria,Gammaproteobacteria,Xanthomonadales,Xanthomonadaceae,Lysobacter
ASV_354,Bacteria,Bacteroidota,Bacteroidia,Bacteroidales,Prevotellaceae,Prevotella
ASV_355,Bacteria,Bacteroidota,Bacteroidia,Bacteroidales,Rikenellaceae,Rikenellaceae RC9 gut group
ASV_356,Bacteria,Firmicutes,Clostridia,Lachnospirales,Lachnospiraceae,[Eubacterium] ruminantium group
ASV_357,Bacteria,Firmicutes,Clostridia,Peptostreptococcales-Tissierellales,Anaerovoracaceae,NA
ASV_358,Bacteria,Proteobacteria,Gammaproteobacteria,Pseudomonadales,Pseudomonadaceae,NA
ASV_359,Bacteria,Bacteroidota,Bacteroidia,Bacteroidales,Prevotellaceae,NA
ASV_360,Bacteria,Firmicutes,Clostridia,Clostridiales,Clostridiaceae,Clostridium sensu stricto 1
ASV_361,Bacteria,Proteobacteria,Alphaproteobacteria,Rhizobiales,Rhizobiaceae,NA
ASV_362,Bacteria,Proteobacteria,Alphaproteobacteria,Caulobacterales,Caulobacteraceae,Asticcacaulis
ASV_363,Bacteria,Firmicutes,Clostridia,Lachnospirales,Lachnospiraceae,NA
ASV_364,Bacteria,Cyanobacteria,Vampirivibrionia,Gastranaerophilales,NA,NA
ASV_365,Bacteria,Bacteroidota,Bacteroidia,Bacteroidales,p-251-o5,NA
ASV_366,Bacteria,Firmicutes,Bacilli,Erysipelotrichales,Erysipelatoclostridiaceae,UCG-004
ASV_367,Bacteria,Firmicutes,Bacilli,Bacillales,Planococcaceae,Rummeliibacillus
ASV_368,Bacteria,Bacteroidota,Bacteroidia,Sphingobacteriales,Sphingobacteriaceae,Sphingobacterium
ASV_369,Bacteria,Bacteroidota,Bacteroidia,Bacteroidales,Prevotellaceae,Prevotella
ASV_370,Bacteria,Bacteroidota,Bacteroidia,Sphingobacteriales,Sphingobacteriaceae,Sphingobacterium
ASV_371,Bacteria,Firmicutes,Clostridia,Lachnospirales,Lachnospiraceae,[Eubacterium] ruminantium group
ASV_372,Bacteria,Bacteroidota,Bacteroidia,Bacteroidales,Prevotellaceae,Prevotellaceae UCG-003
ASV_373,Bacteria,Actinobacteriota,Coriobacteriia,Coriobacteriales,Coriobacteriales Incertae Sedis,Raoultibacter
ASV_374,Bacteria,Proteobacteria,Alphaproteobacteria,Micropepsales,Micropepsaceae,NA
ASV_375,Bacteria,Bacteroidota,Bacteroidia,Bacteroidales,F082,NA
ASV_376,Bacteria,Bacteroidota,Bacteroidia,Bacteroidales,Prevotellaceae,Prevotella
ASV_377,Bacteria,Verrucomicrobiota,Kiritimatiellae,WCHB1-41,NA,NA
ASV_378,Bacteria,Proteobacteria,Gammaproteobacteria,Pseudomonadales,Cellvibrionaceae,Cellvibrio
ASV_379,Bacteria,Firmicutes,Clostridia,Oscillospirales,Ruminococcaceae,Ruminococcus
ASV_380,Bacteria,Proteobacteria,Gammaproteobacteria,Enterobacterales,Succinivibrionaceae,Ruminobacter
ASV_381,Bacteria,Cyanobacteria,Vampirivibrionia,Gastranaerophilales,NA,NA
ASV_382,Bacteria,Bacteroidota,Bacteroidia,Bacteroidales,Prevotellaceae,Prevotella
ASV_383,Bacteria,Firmicutes,Clostridia,Christensenellales,Christensenellaceae,Christensenellaceae R-7 group
ASV_384,Bacteria,Firmicutes,Clostridia,Lachnospirales,Lachnospiraceae,NA
ASV_385,Bacteria,Firmicutes,Bacilli,Erysipelotrichales,Erysipelatoclostridiaceae,UCG-004
ASV_386,Bacteria,Bacteroidota,Bacteroidia,Bacteroidales,Prevotellaceae,Prevotella
ASV_387,Bacteria,Actinobacteriota,Actinobacteria,Micrococcales,Cellulomonadaceae,NA
ASV_388,Bacteria,Firmicutes,Clostridia,Oscillospirales,Hungateiclostridiaceae,Saccharofermentans
ASV_389,Bacteria,Actinobacteriota,Actinobacteria,Micrococcales,Cellulomonadaceae,Cellulomonas
ASV_390,Bacteria,Actinobacteriota,Actinobacteria,Streptomycetales,Streptomycetaceae,Streptomyces
ASV_391,Bacteria,Proteobacteria,Gammaproteobacteria,Xanthomonadales,Xanthomonadaceae,NA
ASV_392,Bacteria,Bacteroidota,Bacteroidia,Bacteroidales,Prevotellaceae,Prevotellaceae UCG-001
ASV_393,Bacteria,Bacteroidota,Bacteroidia,Bacteroidales,Rikenellaceae,Rikenellaceae RC9 gut group
ASV_394,Archaea,Thermoplasmatota,Thermoplasmata,Methanomassiliicoccales,Methanomethylophilaceae,Candidatus Methanomethylophilus
ASV_395,Bacteria,Bacteroidota,Bacteroidia,Bacteroidales,NA,NA
ASV_396,Bacteria,Bacteroidota,Bacteroidia,Bacteroidales,Rikenellaceae,Rikenellaceae RC9 gut group
ASV_397,Bacteria,Bacteroidota,Bacteroidia,Bacteroidales,Porphyromonadaceae,Porphyromonas
ASV_398,Bacteria,Spirochaetota,Spirochaetia,Spirochaetales,Spirochaetaceae,Treponema
ASV_399,Bacteria,Firmicutes,Bacilli,RF39,NA,NA
ASV_400,Bacteria,Firmicutes,Clostridia,Clostridia UCG-014,NA,NA
ASV_401,Bacteria,Bacteroidota,Bacteroidia,Bacteroidales,Prevotellaceae,Prevotellaceae UCG-001
ASV_402,Bacteria,Cyanobacteria,Vampirivibrionia,Gastranaerophilales,NA,NA
ASV_403,Bacteria,Firmicutes,Negativicutes,Veillonellales-Selenomonadales,Selenomonadaceae,NA
ASV_404,Bacteria,Bacteroidota,Bacteroidia,Flavobacteriales,Weeksellaceae,Moheibacter
ASV_405,Bacteria,Firmicutes,Clostridia,Lachnospirales,Lachnospiraceae,NA
ASV_406,Bacteria,Bacteroidota,Bacteroidia,Bacteroidales,Prevotellaceae,Prevotella
ASV_407,Bacteria,Firmicutes,Clostridia,Oscillospirales,Hungateiclostridiaceae,Saccharofermentans
ASV_408,Bacteria,Firmicutes,Clostridia,Lachnospirales,Lachnospiraceae,Lachnospiraceae AC2044 group
ASV_409,Bacteria,Firmicutes,Clostridia,Oscillospirales,Ruminococcaceae,NA
ASV_410,Bacteria,Bacteroidota,Bacteroidia,Bacteroidales,Prevotellaceae,Prevotellaceae YAB2003 group
ASV_411,Bacteria,Firmicutes,Clostridia,Oscillospirales,Oscillospiraceae,NK4A214 group
ASV_412,Bacteria,Firmicutes,Clostridia,Oscillospirales,Ruminococcaceae,Ruminococcus
ASV_413,Bacteria,Proteobacteria,Alphaproteobacteria,Sphingomonadales,Sphingomonadaceae,NA
ASV_414,Bacteria,Bacteroidota,Bacteroidia,Flavobacteriales,Weeksellaceae,Cloacibacterium
ASV_415,Bacteria,Cyanobacteria,Vampirivibrionia,Gastranaerophilales,NA,NA
ASV_416,Bacteria,Desulfobacterota,Desulfovibrionia,Desulfovibrionales,Desulfovibrionaceae,Desulfovibrio
ASV_417,Bacteria,Cyanobacteria,Vampirivibrionia,Gastranaerophilales,NA,NA
ASV_418,Bacteria,Firmicutes,Clostridia,Oscillospirales,Ruminococcaceae,Ruminococcus
ASV_419,Bacteria,Firmicutes,Bacilli,Bacillales,Bacillaceae,NA
ASV_420,Bacteria,Bacteroidota,Bacteroidia,Sphingobacteriales,Sphingobacteriaceae,Nubsella
ASV_421,Bacteria,Firmicutes,Clostridia,Lachnospirales,Lachnospiraceae,NA
ASV_422,Bacteria,Bacteroidota,Bacteroidia,NA,NA,NA
ASV_423,Bacteria,Proteobacteria,Alphaproteobacteria,Rhodospirillales,NA,NA
ASV_424,Bacteria,Firmicutes,Clostridia,Lachnospirales,Lachnospiraceae,Acetitomaculum
ASV_425,Bacteria,Firmicutes,Bacilli,Acholeplasmatales,Acholeplasmataceae,Anaeroplasma
ASV_426,Bacteria,Firmicutes,Clostridia,Oscillospirales,Ruminococcaceae,NA
ASV_427,Bacteria,Firmicutes,Clostridia,Oscillospirales,Oscillospiraceae,UCG-005
ASV_428,Bacteria,Proteobacteria,Gammaproteobacteria,Xanthomonadales,Rhodanobacteraceae,Dokdonella
ASV_429,Bacteria,Proteobacteria,Gammaproteobacteria,Pseudomonadales,Moraxellaceae,Acinetobacter
ASV_430,Bacteria,Bacteroidota,Bacteroidia,Bacteroidales,Prevotellaceae,Prevotellaceae NK3B31 group
ASV_431,Bacteria,Firmicutes,Clostridia,Christensenellales,Christensenellaceae,Christensenellaceae R-7 group
ASV_432,Bacteria,Firmicutes,Clostridia,Oscillospirales,Oscillospiraceae,Oscillibacter
ASV_433,Bacteria,Firmicutes,Clostridia,Lachnospirales,Lachnospiraceae,Lachnospiraceae ND3007 group
ASV_434,Bacteria,Firmicutes,Bacilli,RF39,NA,NA
ASV_435,Bacteria,Firmicutes,Clostridia,Oscillospirales,UCG-010,NA
ASV_436,Bacteria,Bacteroidota,Bacteroidia,Bacteroidales,Prevotellaceae,Prevotellaceae UCG-003
ASV_437,Bacteria,Bacteroidota,Bacteroidia,Bacteroidales,F082,NA
ASV_438,Bacteria,Firmicutes,Bacilli,RF39,NA,NA
ASV_439,Bacteria,Patescibacteria,Gracilibacteria,Absconditabacteriales (SR1),NA,NA
ASV_440,Bacteria,Cyanobacteria,Vampirivibrionia,Gastranaerophilales,NA,NA
ASV_441,Bacteria,Cyanobacteria,Vampirivibrionia,Gastranaerophilales,NA,NA
ASV_442,Bacteria,Bacteroidota,Bacteroidia,Bacteroidales,p-251-o5,NA
ASV_443,Bacteria,Spirochaetota,Spirochaetia,Spirochaetales,Spirochaetaceae,Treponema
ASV_444,Bacteria,Proteobacteria,Gammaproteobacteria,Burkholderiales,Alcaligenaceae,Achromobacter
ASV_445,Bacteria,Firmicutes,Clostridia,Lachnospirales,Lachnospiraceae,Lachnospiraceae AC2044 group
ASV_446,Bacteria,Fibrobacterota,Fibrobacteria,Fibrobacterales,Fibrobacteraceae,Fibrobacter
ASV_447,Bacteria,Bacteroidota,Bacteroidia,Sphingobacteriales,Sphingobacteriaceae,NA
ASV_448,Bacteria,Verrucomicrobiota,Verrucomicrobiae,Opitutales,Opitutaceae,Lacunisphaera
ASV_449,Bacteria,Proteobacteria,Alphaproteobacteria,Rhizobiales,Rhizobiaceae,NA
ASV_450,Bacteria,Chloroflexi,Anaerolineae,Anaerolineales,Anaerolineaceae,Flexilinea
ASV_451,Bacteria,Proteobacteria,Gammaproteobacteria,Xanthomonadales,Xanthomonadaceae,Stenotrophomonas
ASV_452,Bacteria,Firmicutes,Bacilli,RF39,NA,NA
ASV_453,Bacteria,Firmicutes,Clostridia,Lachnospirales,Lachnospiraceae,NA
ASV_454,Bacteria,Bacteroidota,Bacteroidia,Bacteroidales,Rikenellaceae,Rikenellaceae RC9 gut group
ASV_455,Bacteria,Firmicutes,Clostridia,Lachnospirales,Lachnospiraceae,Lachnospiraceae ND3007 group
ASV_456,Bacteria,Firmicutes,Clostridia,Oscillospirales,Ruminococcaceae,UCG-001
ASV_457,Bacteria,Proteobacteria,Gammaproteobacteria,Pseudomonadales,Pseudomonadaceae,NA
ASV_458,Bacteria,Firmicutes,Clostridia,Lachnospirales,Lachnospiraceae,Lachnospiraceae UCG-009
ASV_459,Bacteria,Bacteroidota,Bacteroidia,Bacteroidales,F082,NA
ASV_460,Bacteria,Proteobacteria,Gammaproteobacteria,Pseudomonadales,NA,NA
ASV_461,Bacteria,Bacteroidota,Bacteroidia,Bacteroidales,Prevotellaceae,Prevotella
ASV_462,Bacteria,Bacteroidota,Bacteroidia,Bacteroidales,Prevotellaceae,Prevotellaceae Ga6A1 group
ASV_463,Bacteria,Firmicutes,Clostridia,Oscillospirales,Hungateiclostridiaceae,Saccharofermentans
ASV_464,Bacteria,Firmicutes,Clostridia,Peptostreptococcales-Tissierellales,Anaerovoracaceae,Mogibacterium
ASV_465,Bacteria,Bacteroidota,Bacteroidia,Bacteroidales,Bacteroidales RF16 group,NA
ASV_466,Bacteria,Spirochaetota,Spirochaetia,Spirochaetales,Spirochaetaceae,Treponema
ASV_467,Bacteria,Firmicutes,Bacilli,RF39,NA,NA
ASV_468,Bacteria,Bacteroidota,Bacteroidia,Bacteroidales,Prevotellaceae,Prevotella
ASV_469,Bacteria,Proteobacteria,Gammaproteobacteria,Xanthomonadales,Xanthomonadaceae,Stenotrophomonas
ASV_470,Bacteria,Cyanobacteria,Vampirivibrionia,Gastranaerophilales,NA,NA
ASV_471,Bacteria,Firmicutes,Clostridia,Oscillospirales,Oscillospiraceae,UCG-002
ASV_472,Bacteria,Firmicutes,Clostridia,Lachnospirales,Lachnospiraceae,Oribacterium
ASV_473,Bacteria,Bacteroidota,Bacteroidia,Bacteroidales,Prevotellaceae,Prevotella
ASV_474,Bacteria,Firmicutes,Clostridia,Lachnospirales,Lachnospiraceae,Lachnospiraceae ND3007 group
ASV_475,Bacteria,Bacteroidota,Bacteroidia,Bacteroidales,Prevotellaceae,Prevotella
ASV_476,Bacteria,Firmicutes,Clostridia,Clostridia UCG-014,NA,NA
ASV_477,Bacteria,Planctomycetota,OM190,NA,NA,NA
ASV_478,Bacteria,Firmicutes,Clostridia,Oscillospirales,Hungateiclostridiaceae,Saccharofermentans
ASV_479,Bacteria,Proteobacteria,Alphaproteobacteria,Sphingomonadales,Sphingomonadaceae,Sphingomonas
ASV_480,Bacteria,Proteobacteria,Gammaproteobacteria,Enterobacterales,Succinivibrionaceae,Succinimonas
ASV_481,Bacteria,Firmicutes,Bacilli,Erysipelotrichales,Erysipelatoclostridiaceae,NA
ASV_482,Bacteria,Firmicutes,Bacilli,RF39,NA,NA
ASV_483,Bacteria,Firmicutes,Clostridia,Christensenellales,Christensenellaceae,Christensenellaceae R-7 group
ASV_484,Bacteria,Firmicutes,Clostridia,Lachnospirales,Lachnospiraceae,probable genus 10
ASV_485,Bacteria,Bacteroidota,Bacteroidia,Bacteroidales,Prevotellaceae,Prevotella
ASV_486,Bacteria,Bacteroidota,Bacteroidia,Sphingobacteriales,Sphingobacteriaceae,Sphingobacterium
ASV_487,Bacteria,Firmicutes,Clostridia,Clostridia UCG-014,NA,NA
ASV_488,Bacteria,Firmicutes,Bacilli,Erysipelotrichales,Erysipelotrichaceae,Allobaculum
ASV_489,Bacteria,Proteobacteria,Alphaproteobacteria,Rickettsiales,Mitochondria,NA
ASV_490,Bacteria,Firmicutes,Clostridia,Lachnospirales,Lachnospiraceae,Blautia
ASV_491,Bacteria,Firmicutes,Bacilli,RF39,NA,NA
ASV_492,Bacteria,Firmicutes,Clostridia,Clostridia UCG-014,NA,NA
ASV_493,Bacteria,Bacteroidota,Bacteroidia,Bacteroidales,Prevotellaceae,NA
ASV_494,Bacteria,Bacteroidota,Bacteroidia,Sphingobacteriales,Sphingobacteriaceae,NA
ASV_495,Bacteria,Bacteroidota,Bacteroidia,Flavobacteriales,Flavobacteriaceae,Flavobacterium
ASV_496,Bacteria,Bacteroidota,Bacteroidia,Bacteroidales,Prevotellaceae,Prevotella
ASV_497,Bacteria,Bacteroidota,Bacteroidia,Bacteroidales,Prevotellaceae,Prevotellaceae UCG-003
ASV_498,Bacteria,Bacteroidota,Bacteroidia,Bacteroidales,Prevotellaceae,Prevotella
ASV_499,Bacteria,Actinobacteriota,Thermoleophilia,Solirubrobacterales,67-14,NA
ASV_500,Bacteria,Bacteroidota,Bacteroidia,Bacteroidales,Prevotellaceae,Prevotella
ASV_501,Bacteria,Bacteroidota,Bacteroidia,Bacteroidales,Prevotellaceae,Prevotella_9
ASV_502,Bacteria,Proteobacteria,Gammaproteobacteria,Burkholderiales,Alcaligenaceae,Advenella
ASV_503,Bacteria,Firmicutes,Clostridia,Lachnospirales,Lachnospiraceae,NA
ASV_504,Bacteria,Bacteroidota,Bacteroidia,Bacteroidales,Prevotellaceae,Prevotella
ASV_505,Bacteria,Bacteroidota,Bacteroidia,Bacteroidales,Prevotellaceae,Prevotella
ASV_506,Bacteria,Spirochaetota,Spirochaetia,Spirochaetales,Spirochaetaceae,Treponema
ASV_507,Bacteria,Bacteroidota,Bacteroidia,Bacteroidales,Prevotellaceae,Prevotella
ASV_508,Bacteria,Firmicutes,Clostridia,Lachnospirales,Lachnospiraceae,Coprococcus
ASV_509,Bacteria,Bacteroidota,Bacteroidia,Bacteroidales,Prevotellaceae,Prevotella
ASV_510,Bacteria,Bacteroidota,Bacteroidia,Bacteroidales,Rikenellaceae,Rikenellaceae RC9 gut group
ASV_511,Bacteria,Firmicutes,Clostridia,Oscillospirales,Oscillospiraceae,NK4A214 group
ASV_512,Bacteria,Firmicutes,Bacilli,Paenibacillales,Paenibacillaceae,Paenibacillus
ASV_513,Bacteria,Proteobacteria,Alphaproteobacteria,Rickettsiales,Mitochondria,NA
ASV_514,Bacteria,Firmicutes,Clostridia,Oscillospirales,Ruminococcaceae,Ruminococcus
ASV_515,Bacteria,Bacteroidota,Bacteroidia,Bacteroidales,Prevotellaceae,Prevotellaceae NK3B31 group
ASV_516,Bacteria,Firmicutes,Clostridia,Lachnospirales,Lachnospiraceae,[Eubacterium] xylanophilum group
ASV_517,Bacteria,Firmicutes,Clostridia,Oscillospirales,UCG-010,NA
ASV_518,Bacteria,Firmicutes,Clostridia,Christensenellales,Christensenellaceae,Christensenellaceae R-7 group
ASV_519,Bacteria,Proteobacteria,Alphaproteobacteria,Elsterales,NA,NA
ASV_520,Bacteria,Myxococcota,Polyangia,Polyangiales,Polyangiaceae,Pajaroellobacter
ASV_521,Bacteria,Bacteroidota,Bacteroidia,Bacteroidales,Prevotellaceae,Prevotella
ASV_522,Bacteria,Acidobacteriota,Vicinamibacteria,Vicinamibacterales,NA,NA
ASV_523,Bacteria,Proteobacteria,Gammaproteobacteria,Pseudomonadales,Cellvibrionaceae,Cellvibrio
ASV_524,Bacteria,Bacteroidota,Bacteroidia,Bacteroidales,Prevotellaceae,Prevotella
ASV_525,Bacteria,Firmicutes,Clostridia,Oscillospirales,Oscillospiraceae,NK4A214 group
ASV_526,Bacteria,Firmicutes,Clostridia,Oscillospirales,Hungateiclostridiaceae,Saccharofermentans
ASV_527,Bacteria,Firmicutes,Clostridia,Oscillospirales,UCG-010,NA
ASV_528,Bacteria,Firmicutes,Clostridia,Oscillospirales,Oscillospiraceae,NK4A214 group
ASV_529,Bacteria,Proteobacteria,Alphaproteobacteria,Rickettsiales,Mitochondria,NA
ASV_530,Bacteria,Firmicutes,Clostridia,Christensenellales,Christensenellaceae,Christensenellaceae R-7 group
ASV_531,Bacteria,Bacteroidota,Bacteroidia,Bacteroidales,Rikenellaceae,Rikenellaceae RC9 gut group
ASV_532,Bacteria,Firmicutes,Clostridia,Oscillospirales,Oscillospiraceae,Papillibacter
ASV_533,Bacteria,Proteobacteria,Alphaproteobacteria,Caulobacterales,Caulobacteraceae,NA
ASV_534,Bacteria,Firmicutes,Clostridia,Oscillospirales,Hungateiclostridiaceae,Saccharofermentans
ASV_535,Bacteria,Bacteroidota,Bacteroidia,Bacteroidales,Prevotellaceae,Prevotella
ASV_536,Bacteria,Myxococcota,Myxococcia,Myxococcales,Vulgatibacteraceae,Vulgatibacter
ASV_537,Bacteria,Bacteroidota,Bacteroidia,NA,NA,NA
ASV_538,Bacteria,Actinobacteriota,Coriobacteriia,Coriobacteriales,Eggerthellaceae,Enterorhabdus
ASV_539,Bacteria,Bdellovibrionota,Oligoflexia,0319-6G20,NA,NA
ASV_540,Bacteria,Cyanobacteria,Vampirivibrionia,Gastranaerophilales,NA,NA
ASV_541,Bacteria,Firmicutes,Clostridia,Lachnospirales,Lachnospiraceae,NA
ASV_542,Bacteria,Bacteroidota,Bacteroidia,Bacteroidales,Prevotellaceae,Prevotella
ASV_543,Archaea,Euryarchaeota,Methanobacteria,Methanobacteriales,Methanobacteriaceae,Methanobrevibacter
ASV_544,Bacteria,Proteobacteria,Gammaproteobacteria,Burkholderiales,Sutterellaceae,Sutterella
ASV_545,Bacteria,NA,NA,NA,NA,NA
ASV_546,Bacteria,Bacteroidota,Bacteroidia,Bacteroidales,Prevotellaceae,Prevotella
ASV_547,Bacteria,Bacteroidota,Bacteroidia,Bacteroidales,Prevotellaceae,Prevotella
ASV_548,Bacteria,Firmicutes,Clostridia,Lachnospirales,Lachnospiraceae,Lachnospiraceae AC2044 group
ASV_549,Bacteria,Firmicutes,Negativicutes,Acidaminococcales,Acidaminococcaceae,Succiniclasticum
ASV_550,Bacteria,Firmicutes,Clostridia,Oscillospirales,[Eubacterium] coprostanoligenes group,NA
ASV_551,Bacteria,Firmicutes,Bacilli,RF39,NA,NA
ASV_552,Bacteria,Firmicutes,Clostridia,Lachnospirales,Lachnospiraceae,Syntrophococcus
ASV_553,Bacteria,Bacteroidota,Bacteroidia,Bacteroidales,F082,NA
ASV_554,Bacteria,Spirochaetota,Spirochaetia,Spirochaetales,Spirochaetaceae,Treponema
ASV_555,Bacteria,Firmicutes,Clostridia,Oscillospirales,Ruminococcaceae,UCG-001
ASV_556,Bacteria,Proteobacteria,Gammaproteobacteria,Pseudomonadales,Cellvibrionaceae,Cellvibrio
ASV_557,Bacteria,Bacteroidota,Bacteroidia,Sphingobacteriales,Sphingobacteriaceae,Sphingobacterium
ASV_558,Bacteria,Bacteroidota,Bacteroidia,Bacteroidales,Prevotellaceae,Prevotella
ASV_559,Bacteria,Proteobacteria,Gammaproteobacteria,Pseudomonadales,Cellvibrionaceae,Cellvibrio
ASV_560,Bacteria,Firmicutes,Clostridia,Lachnospirales,Lachnospiraceae,Blautia
ASV_561,Bacteria,Firmicutes,Clostridia,Clostridia UCG-014,NA,NA
ASV_562,Bacteria,Proteobacteria,Gammaproteobacteria,Xanthomonadales,Xanthomonadaceae,NA
ASV_563,Bacteria,Firmicutes,Clostridia,Oscillospirales,Ruminococcaceae,NA
ASV_564,Bacteria,Firmicutes,Bacilli,RF39,NA,NA
ASV_565,Bacteria,Bacteroidota,Bacteroidia,Bacteroidales,Rikenellaceae,Rikenellaceae RC9 gut group
ASV_566,Bacteria,Verrucomicrobiota,Verrucomicrobiae,LD1-PB3,NA,NA
ASV_567,Bacteria,Bacteroidota,Bacteroidia,Bacteroidales,Prevotellaceae,Prevotellaceae NK3B31 group
ASV_568,Bacteria,Firmicutes,Bacilli,RF39,NA,NA
ASV_569,Bacteria,Firmicutes,Clostridia,Oscillospirales,[Eubacterium] coprostanoligenes group,NA
ASV_570,Bacteria,Firmicutes,Clostridia,Oscillospirales,Ruminococcaceae,NA
ASV_571,Bacteria,Firmicutes,Clostridia,Oscillospirales,Ruminococcaceae,Ruminococcus
ASV_572,Bacteria,Bacteroidota,Bacteroidia,Bacteroidales,Prevotellaceae,NA
ASV_573,Bacteria,Proteobacteria,Gammaproteobacteria,Burkholderiales,Comamonadaceae,NA
ASV_574,Bacteria,Firmicutes,Clostridia,Lachnospirales,Lachnospiraceae,Lachnospiraceae UCG-001
ASV_575,Bacteria,Proteobacteria,Gammaproteobacteria,Pseudomonadales,NA,NA
ASV_576,Bacteria,Bacteroidota,Bacteroidia,Bacteroidales,Prevotellaceae,Prevotella
ASV_577,Bacteria,Bacteroidota,Bacteroidia,Bacteroidales,Prevotellaceae,Prevotella
ASV_578,Bacteria,Firmicutes,Clostridia,Lachnospirales,Lachnospiraceae,probable genus 10
ASV_579,Bacteria,Firmicutes,Bacilli,Erysipelotrichales,Erysipelotrichaceae,Erysipelotrichaceae UCG-009
ASV_580,Bacteria,Firmicutes,Bacilli,RF39,NA,NA
ASV_581,Bacteria,Firmicutes,Clostridia,Clostridia UCG-014,NA,NA
ASV_582,Bacteria,Bacteroidota,Bacteroidia,Chitinophagales,Chitinophagaceae,Taibaiella
ASV_583,Bacteria,Bacteroidota,Bacteroidia,Bacteroidales,Prevotellaceae,Prevotella
ASV_584,Bacteria,Spirochaetota,Spirochaetia,Spirochaetales,Spirochaetaceae,Treponema
ASV_585,Bacteria,Firmicutes,Clostridia,Oscillospirales,Oscillospiraceae,UCG-005
ASV_586,Bacteria,Chloroflexi,Anaerolineae,Anaerolineales,Anaerolineaceae,Flexilinea
ASV_587,Bacteria,Firmicutes,Clostridia,Lachnospirales,Lachnospiraceae,Lachnospiraceae UCG-006
ASV_588,Bacteria,Proteobacteria,Alphaproteobacteria,Rickettsiales,Mitochondria,NA
ASV_589,Bacteria,Firmicutes,Clostridia,Clostridia UCG-014,NA,NA
ASV_590,Bacteria,Firmicutes,Clostridia,Oscillospirales,Ruminococcaceae,Ruminococcus
ASV_591,Bacteria,Bacteroidota,Bacteroidia,Bacteroidales,Bacteroidetes BD2-2,NA
ASV_592,Bacteria,Bacteroidota,Bacteroidia,Bacteroidales,Prevotellaceae,Prevotella
ASV_593,Bacteria,Firmicutes,Bacilli,RF39,NA,NA
ASV_594,Bacteria,Firmicutes,Clostridia,Clostridia UCG-014,NA,NA
ASV_595,Bacteria,Cyanobacteria,Vampirivibrionia,Gastranaerophilales,NA,NA
ASV_596,Bacteria,Firmicutes,Bacilli,RF39,NA,NA
ASV_597,Bacteria,Bacteroidota,Bacteroidia,Bacteroidales,Prevotellaceae,Prevotellaceae UCG-001
ASV_598,Bacteria,Firmicutes,Clostridia,Lachnospirales,Lachnospiraceae,NA
ASV_599,Bacteria,Verrucomicrobiota,Verrucomicrobiae,LD1-PB3,NA,NA
ASV_600,Bacteria,Bacteroidota,Bacteroidia,Bacteroidales,Prevotellaceae,Prevotellaceae UCG-004
ASV_601,Bacteria,Firmicutes,Bacilli,RF39,NA,NA
ASV_602,Bacteria,Verrucomicrobiota,Lentisphaeria,Victivallales,vadinBE97,NA
ASV_603,Bacteria,Firmicutes,Clostridia,Oscillospirales,[Eubacterium] coprostanoligenes group,NA
ASV_604,Bacteria,Planctomycetota,Pla4 lineage,NA,NA,NA
ASV_605,Bacteria,Spirochaetota,Spirochaetia,Spirochaetales,Spirochaetaceae,Treponema
ASV_606,Bacteria,Verrucomicrobiota,Kiritimatiellae,WCHB1-41,NA,NA
ASV_607,Bacteria,Bacteroidota,Bacteroidia,Bacteroidales,Prevotellaceae,NA
ASV_608,Bacteria,Verrucomicrobiota,Kiritimatiellae,WCHB1-41,NA,NA
ASV_609,Bacteria,Chloroflexi,Anaerolineae,Anaerolineales,Anaerolineaceae,Flexilinea
ASV_610,Bacteria,Bacteroidota,Bacteroidia,Bacteroidales,Prevotellaceae,Prevotellaceae Ga6A1 group
ASV_611,Bacteria,Firmicutes,Bacilli,Acholeplasmatales,Acholeplasmataceae,Acholeplasma
ASV_612,Bacteria,Bacteroidota,Bacteroidia,Bacteroidales,Prevotellaceae,Prevotellaceae UCG-001
ASV_613,Bacteria,Spirochaetota,Spirochaetia,Spirochaetales,Spirochaetaceae,Treponema
ASV_614,Bacteria,Firmicutes,Bacilli,RF39,NA,NA
ASV_615,Bacteria,Firmicutes,Negativicutes,Acidaminococcales,Acidaminococcaceae,Succiniclasticum
ASV_616,Bacteria,Spirochaetota,Spirochaetia,Spirochaetales,Spirochaetaceae,Treponema
ASV_617,Bacteria,Cyanobacteria,Vampirivibrionia,Gastranaerophilales,NA,NA
ASV_618,Bacteria,Proteobacteria,Alphaproteobacteria,Rhodospirillales,NA,NA
ASV_619,Bacteria,Cyanobacteria,Vampirivibrionia,Gastranaerophilales,NA,NA
ASV_620,Bacteria,Firmicutes,Clostridia,Peptostreptococcales-Tissierellales,Anaerovoracaceae,Mogibacterium
ASV_621,Bacteria,Firmicutes,Clostridia,Oscillospirales,Oscillospiraceae,Papillibacter
ASV_622,Bacteria,Firmicutes,Negativicutes,Acidaminococcales,Acidaminococcaceae,Succiniclasticum
ASV_623,Bacteria,Chloroflexi,Anaerolineae,Anaerolineales,Anaerolineaceae,Flexilinea
ASV_624,Bacteria,Bacteroidota,Bacteroidia,Bacteroidales,Prevotellaceae,Prevotella
ASV_625,Bacteria,Firmicutes,Bacilli,RF39,NA,NA
ASV_626,Bacteria,Firmicutes,Clostridia,Oscillospirales,Ruminococcaceae,Ruminococcus
ASV_627,Bacteria,Firmicutes,Clostridia,Christensenellales,Christensenellaceae,Christensenellaceae R-7 group
ASV_628,Bacteria,Cyanobacteria,Vampirivibrionia,Gastranaerophilales,NA,NA
ASV_629,Bacteria,Firmicutes,Clostridia,Christensenellales,Christensenellaceae,Christensenellaceae R-7 group
ASV_630,Bacteria,Bacteroidota,Bacteroidia,Bacteroidales,Prevotellaceae,NA
ASV_631,Bacteria,Bacteroidota,Bacteroidia,Bacteroidales,Prevotellaceae,Prevotella
ASV_632,Bacteria,Bacteroidota,Bacteroidia,Bacteroidales,Prevotellaceae,Prevotellaceae NK3B31 group
ASV_633,Bacteria,Spirochaetota,Spirochaetia,Spirochaetales,Spirochaetaceae,Treponema
ASV_634,Bacteria,Bacteroidota,Bacteroidia,Bacteroidales,Rikenellaceae,Rikenellaceae RC9 gut group
ASV_635,Bacteria,Firmicutes,Clostridia,Oscillospirales,[Eubacterium] coprostanoligenes group,NA
ASV_636,Bacteria,Bacteroidota,Bacteroidia,Bacteroidales,F082,NA
ASV_637,Bacteria,Firmicutes,Clostridia,NA,NA,NA
ASV_638,Bacteria,Proteobacteria,Gammaproteobacteria,Pseudomonadales,Moraxellaceae,Psychrobacter
ASV_639,Bacteria,Firmicutes,Clostridia,Lachnospirales,Lachnospiraceae,NA
ASV_640,Bacteria,Bacteroidota,Bacteroidia,Bacteroidales,Rikenellaceae,Rikenellaceae RC9 gut group
ASV_641,Bacteria,Bacteroidota,Bacteroidia,Bacteroidales,Prevotellaceae,Prevotellaceae UCG-003
ASV_642,Bacteria,Bacteroidota,Bacteroidia,Bacteroidales,Prevotellaceae,Prevotellaceae NK3B31 group
ASV_643,Bacteria,Verrucomicrobiota,Verrucomicrobiae,Chthoniobacterales,Chthoniobacteraceae,Candidatus Udaeobacter
ASV_644,Bacteria,Proteobacteria,Gammaproteobacteria,Pseudomonadales,Pseudomonadaceae,NA
ASV_645,Bacteria,Chloroflexi,KD4-96,NA,NA,NA
ASV_646,Bacteria,Firmicutes,Clostridia,Christensenellales,Christensenellaceae,Christensenellaceae R-7 group
ASV_647,Bacteria,Bacteroidota,Bacteroidia,Bacteroidales,Bacteroidales RF16 group,NA
ASV_648,Bacteria,Firmicutes,Clostridia,Clostridia UCG-014,NA,NA
ASV_649,Bacteria,Bacteroidota,Bacteroidia,Bacteroidales,Prevotellaceae,Prevotellaceae UCG-004
ASV_650,Bacteria,Bacteroidota,Bacteroidia,Bacteroidales,Bacteroidetes BD2-2,NA
ASV_651,Bacteria,Firmicutes,Clostridia,Lachnospirales,Lachnospiraceae,Acetitomaculum
ASV_652,Bacteria,Bacteroidota,Bacteroidia,Bacteroidales,Rikenellaceae,Rikenellaceae RC9 gut group
ASV_653,Bacteria,Synergistota,Synergistia,Synergistales,Synergistaceae,Synergistes
ASV_654,Bacteria,Chloroflexi,Chloroflexia,Thermomicrobiales,JG30-KF-CM45,NA
ASV_655,Bacteria,Bacteroidota,Bacteroidia,Bacteroidales,Prevotellaceae,NA
ASV_656,Bacteria,Firmicutes,Clostridia,Lachnospirales,Lachnospiraceae,Lachnospiraceae XPB1014 group
ASV_657,Bacteria,Proteobacteria,Gammaproteobacteria,Enterobacterales,Enterobacteriaceae,Atlantibacter
ASV_658,Bacteria,Actinobacteriota,Actinobacteria,Frankiales,Acidothermaceae,Acidothermus
ASV_659,Bacteria,Firmicutes,Clostridia,Oscillospirales,[Eubacterium] coprostanoligenes group,NA
ASV_660,Bacteria,Elusimicrobiota,Elusimicrobia,Elusimicrobiales,Elusimicrobiaceae,Elusimicrobium
ASV_661,Bacteria,Desulfobacterota,Desulfovibrionia,Desulfovibrionales,Desulfovibrionaceae,Mailhella
ASV_662,Bacteria,Firmicutes,Bacilli,Erysipelotrichales,Erysipelotrichaceae,[Anaerorhabdus] furcosa group
ASV_663,Bacteria,Firmicutes,Clostridia,Oscillospirales,Oscillospiraceae,NK4A214 group
ASV_664,Bacteria,Firmicutes,Bacilli,Izemoplasmatales,NA,NA
ASV_665,Bacteria,Firmicutes,Bacilli,RF39,NA,NA
ASV_666,Bacteria,Proteobacteria,Alphaproteobacteria,Rhodospirillales,NA,NA
ASV_667,Bacteria,Chloroflexi,Anaerolineae,Anaerolineales,Anaerolineaceae,Flexilinea
ASV_668,Bacteria,Firmicutes,Clostridia,Clostridia vadinBB60 group,NA,NA
ASV_669,Bacteria,Bacteroidota,Bacteroidia,Bacteroidales,F082,NA
ASV_670,Bacteria,Bacteroidota,Bacteroidia,Bacteroidales,Rikenellaceae,SP3-e08
ASV_671,Bacteria,Firmicutes,Bacilli,RF39,NA,NA
ASV_672,Bacteria,Firmicutes,Clostridia,Oscillospirales,Ruminococcaceae,NA
ASV_673,Bacteria,Bacteroidota,Bacteroidia,Bacteroidales,Bacteroidales UCG-001,NA
ASV_674,Bacteria,Bacteroidota,Bacteroidia,Bacteroidales,Prevotellaceae,Prevotellaceae UCG-003
ASV_675,Bacteria,Proteobacteria,Alphaproteobacteria,Caulobacterales,Caulobacteraceae,Phenylobacterium
ASV_676,Bacteria,Bacteroidota,Bacteroidia,Bacteroidales,Prevotellaceae,Prevotella
ASV_677,Bacteria,Firmicutes,Clostridia,Lachnospirales,Lachnospiraceae,Lachnospiraceae ND3007 group
ASV_678,Bacteria,Firmicutes,Clostridia,Oscillospirales,Oscillospiraceae,NK4A214 group
ASV_679,Bacteria,Firmicutes,Clostridia,Oscillospirales,Hungateiclostridiaceae,Saccharofermentans
ASV_680,Bacteria,Firmicutes,Clostridia,Lachnospirales,Lachnospiraceae,Lachnospira
ASV_681,Bacteria,Proteobacteria,Gammaproteobacteria,Burkholderiales,Comamonadaceae,NA
ASV_682,Bacteria,Firmicutes,Clostridia,Lachnospirales,Lachnospiraceae,Tyzzerella
ASV_683,Bacteria,Bacteroidota,Bacteroidia,Bacteroidales,Rikenellaceae,Rikenellaceae RC9 gut group
ASV_684,Bacteria,Firmicutes,Clostridia,Lachnospirales,Lachnospiraceae,Lachnospira
ASV_685,Bacteria,Verrucomicrobiota,Verrucomicrobiae,Opitutales,Opitutaceae,Lacunisphaera
ASV_686,Bacteria,Firmicutes,Clostridia,Lachnospirales,Lachnospiraceae,Shuttleworthia
ASV_687,Bacteria,Bacteroidota,Bacteroidia,Cytophagales,Spirosomaceae,Leadbetterella
ASV_688,Bacteria,Desulfobacterota,Desulfovibrionia,Desulfovibrionales,Desulfovibrionaceae,Desulfovibrio
ASV_689,Bacteria,Bacteroidota,Bacteroidia,Bacteroidales,Prevotellaceae,Prevotellaceae NK3B31 group
ASV_690,Bacteria,Firmicutes,Clostridia,Lachnospirales,Lachnospiraceae,[Ruminococcus] gauvreauii group
ASV_691,Bacteria,Bacteroidota,Bacteroidia,Bacteroidales,Prevotellaceae,Prevotella
ASV_692,Bacteria,Spirochaetota,Spirochaetia,Spirochaetales,Spirochaetaceae,Termite Treponema cluster
ASV_693,Bacteria,Elusimicrobiota,Endomicrobia,Endomicrobiales,Endomicrobiaceae,Endomicrobium
ASV_694,Bacteria,Firmicutes,Clostridia,Oscillospirales,Hungateiclostridiaceae,Saccharofermentans
ASV_695,Bacteria,Firmicutes,Clostridia,Oscillospirales,Hungateiclostridiaceae,Saccharofermentans
ASV_696,Bacteria,Proteobacteria,Gammaproteobacteria,Burkholderiales,Alcaligenaceae,NA
ASV_697,Bacteria,Patescibacteria,Saccharimonadia,Saccharimonadales,Saccharimonadaceae,Candidatus Saccharimonas
ASV_698,Bacteria,Firmicutes,Clostridia,Lachnospirales,Lachnospiraceae,Lachnospira
ASV_699,Bacteria,Bacteroidota,Bacteroidia,Bacteroidales,Prevotellaceae,Prevotellaceae UCG-004
ASV_700,Bacteria,Chloroflexi,Anaerolineae,Anaerolineales,Anaerolineaceae,Flexilinea
ASV_701,Bacteria,Firmicutes,Clostridia,Christensenellales,Christensenellaceae,Christensenellaceae R-7 group
ASV_702,Bacteria,Bacteroidota,Bacteroidia,Bacteroidales,Prevotellaceae,Prevotella
ASV_703,Bacteria,Bacteroidota,Bacteroidia,Bacteroidales,NA,NA
ASV_704,Bacteria,Firmicutes,Clostridia,Clostridia UCG-014,NA,NA
ASV_705,Bacteria,Fibrobacterota,Fibrobacteria,Fibrobacterales,Fibrobacteraceae,Fibrobacter
ASV_706,Bacteria,Bacteroidota,Bacteroidia,Chitinophagales,Chitinophagaceae,Taibaiella
ASV_707,Bacteria,Firmicutes,Clostridia,Oscillospirales,Hungateiclostridiaceae,Saccharofermentans
ASV_708,Bacteria,Bacteroidota,Bacteroidia,Bacteroidales,Prevotellaceae,Prevotella
ASV_709,Bacteria,Bacteroidota,Bacteroidia,Bacteroidales,NA,NA
